<?xml version="1.0" encoding="UTF-8" ?>
<beans xmlns="http://www.springframework.org/schema/beans"
	xmlns:xsi="http://www.w3.org/2001/XMLSchema-instance" xmlns:aop="http://www.springframework.org/schema/aop"
	xmlns:tx="http://www.springframework.org/schema/tx" xmlns:context="http://www.springframework.org/schema/context"
	xmlns:mvc="http://www.springframework.org/schema/mvc"

	xsi:schemaLocation="  
http://www.springframework.org/schema/beans http://www.springframework.org/schema/beans/spring-beans.xsd  
http://www.springframework.org/schema/tx http://www.springframework.org/schema/tx/spring-tx.xsd  
http://www.springframework.org/schema/aop http://www.springframework.org/schema/aop/spring-aop.xsd  
http://www.springframework.org/schema/mvc http://www.springframework.org/schema/mvc/spring-mvc.xsd
http://www.springframework.org/schema/context
http://www.springframework.org/schema/context/spring-context-3.0.xsd">
	<!-- 注册注解 <context:annotation-config /> -->
	<context:component-scan base-package="com.test.*">
		<context:exclude-filter type="annotation"
			expression="org.springframework.stereotype.Service" />
	</context:component-scan>
	<mvc:annotation-driven>
		<mvc:message-converters register-defaults="false">
			<!-- 避免IE执行AJAX时,返回JSON出现下载文件 -->
			<bean id="fastJsonHttpMessageConverter"
				class="com.alibaba.fastjson.support.spring.FastJsonHttpMessageConverter">
				<property name="supportedMediaTypes">
					<list>
						<!-- 这里顺序不能反，一定先写text/html,不然ie下出现下载提示 -->
						<value>text/html;charset=UTF-8</value>
						<value>application/json;charset=UTF-8</value>
					</list>
				</property>
			</bean>
		</mvc:message-converters>
	</mvc:annotation-driven>

	<bean id="multipartResolver"
		class="org.springframework.web.multipart.commons.CommonsMultipartResolver">
		<property name="defaultEncoding" value="UTF-8"></property>
		<property name="maxUploadSize" value="5400000"></property>
		<property name="uploadTempDir" value="fileUpload/temp"></property>
	</bean>
	<!-- spring 返回json <bean class="org.springframework.web.servlet.mvc.annotation.AnnotationMethodHandlerAdapter"> 
		<property name="messageConverters"> <list> <bean class="org.springframework.http.converter.StringHttpMessageConverter"> 
		<property name="supportedMediaTypes"> <list> <value>text/html;charset=UTF-8</value> 
		<value>application/json;charset=UTF-8</value> </list> </property> </bean> 
		<bean class="org.springframework.http.converter.json.MappingJackson2HttpMessageConverter"> 
		<property name="supportedMediaTypes"> <list> <value>text/html;charset=UTF-8</value> 
		<value>application/json;charset=UTF-8</value> </list> </property> </bean> 
		</list> </property> </bean> -->

	<!-- 视图解析器 -->
	<bean id="viewResolver"
		class="org.springframework.web.servlet.view.InternalResourceViewResolver">
		<property name="prefix">
			<value>/jsp/</value>
		</property>
		<property name="suffix">
			<value>.jsp</value>
		</property>
	</bean>

</beans>  