<?xml version="1.0" encoding="UTF-8" ?>
<beans xmlns="http://www.springframework.org/schema/beans"
	xmlns:xsi="http://www.w3.org/2001/XMLSchema-instance" xmlns:aop="http://www.springframework.org/schema/aop"
	xmlns:tx="http://www.springframework.org/schema/tx" xmlns:context="http://www.springframework.org/schema/context"
	xsi:schemaLocation="  
http://www.springframework.org/schema/beans http://www.springframework.org/schema/beans/spring-beans.xsd  
http://www.springframework.org/schema/tx http://www.springframework.org/schema/tx/spring-tx.xsd  
http://www.springframework.org/schema/aop http://www.springframework.org/schema/aop/spring-aop.xsd  
http://www.springframework.org/schema/context http://www.springframework.org/schema/context/spring-context.xsd">

	<context:property-placeholder location="classpath:app.properties" />
	 <!-- redis 相关配置 -->  
    <bean id="poolConfig" class="redis.clients.jedis.JedisPoolConfig">  
        <property name="maxIdle" value="${redis.maxIdle}" />        
        <property name="maxWaitMillis" value="${redis.maxWait}" />  
        <property name="testOnBorrow" value="${redis.testOnBorrow}" />  
         
    </bean>


<bean id="connectionFactory"
         class="org.springframework.data.redis.connection.jedis.JedisConnectionFactory" >
          <property name="poolConfig" ref="poolConfig" />
          <property name="port" value="${redis.port}" />
          <property name="hostName" value="${redis.host}" />
          <property name="password" value="${redis.password}" />
          <property name="timeout" value="${redis.timeout}" ></property>
    </bean >
    
    <bean id="redisTemplate" class="org.springframework.data.redis.core.RedisTemplate" >
          <property name="connectionFactory" ref="connectionFactory" />
          <property name="keySerializer" >
              <bean
                  class="org.springframework.data.redis.serializer.StringRedisSerializer" />
          </property>
          <property name="valueSerializer" >
              <bean
                  class="org.springframework.data.redis.serializer.JdkSerializationRedisSerializer" />
          </property>
    </bean >
</beans>  