<?xml version="1.0" encoding="UTF-8" ?>
<beans xmlns="http://www.springframework.org/schema/beans"
	xmlns:xsi="http://www.w3.org/2001/XMLSchema-instance" xmlns:aop="http://www.springframework.org/schema/aop"
	xmlns:tx="http://www.springframework.org/schema/tx" xmlns:context="http://www.springframework.org/schema/context"
	xsi:schemaLocation="  
http://www.springframework.org/schema/beans http://www.springframework.org/schema/beans/spring-beans.xsd  
http://www.springframework.org/schema/tx http://www.springframework.org/schema/tx/spring-tx.xsd  
http://www.springframework.org/schema/aop http://www.springframework.org/schema/aop/spring-aop.xsd  
http://www.springframework.org/schema/context http://www.springframework.org/schema/context/spring-context.xsd">

	<context:property-placeholder location="classpath:app.properties" />
	<bean id="dataSource"
		class="org.springframework.jdbc.datasource.DriverManagerDataSource">
		<property name="driverClassName">
			<value>${driverClassName}</value>
		</property>
		<property name="url">
			<value>${url}</value>
		</property>
		<property name="username">
			<value>root</value>
		</property>
		<property name="password">
			<value>root</value>
		</property>

	</bean>


	<bean id="sessionFactory"
		class="org.springframework.orm.hibernate4.LocalSessionFactoryBean">
		<property name="configLocation" value="classpath:hibernate.cfg.xml">
		</property>
		<property name="dataSource" ref="dataSource"></property>
	</bean>


	<!-- 事务管理器 -->
	<bean id="transactionManager"
		class="org.springframework.orm.hibernate4.HibernateTransactionManager">
		<property name="sessionFactory" ref="sessionFactory"></property>
	</bean>

	<!-- 事务代理类 -->
	 <tx:advice id="adc" transaction-manager="transactionManager">
		<tx:attributes>
			<tx:method name="save*" propagation="REQUIRED" />
			<tx:method name="batch*" propagation="REQUIRED" />
			<tx:method name="execute*" propagation="REQUIRED" />
			<tx:method name="change*" propagation="REQUIRED" />

			<tx:method name="add*" propagation="REQUIRED" />
			<tx:method name="edit*" propagation="REQUIRED" />
			<tx:method name="update*" propagation="REQUIRED" />
			<tx:method name="del*" propagation="REQUIRED" />
			<tx:method name="facade*" propagation="REQUIRED" />
			<tx:method name="cancel*" propagation="REQUIRED" />
			<tx:method name="send*" propagation="REQUIRED" />
			<tx:method name="schoolSet" propagation="REQUIRED" />
			<tx:method name="delSet" propagation="REQUIRED" />
			<tx:method name="*" propagation="REQUIRED" read-only="true" />
			<tx:method name="newCard*" propagation="REQUIRED" />
		</tx:attributes> 
	</tx:advice> 

<tx:annotation-driven transaction-manager="transactionManager"/>
<!-- 	  <aop:config>
		<aop:pointcut id="servicesPointcut" expression="execution(* com..service..*.*(..))" />
		<aop:advisor advice-ref="adc" pointcut-ref="servicesPointcut" />
	</aop:config>  
 -->


</beans>  