<?xml version='1.0' encoding='UTF-8'?>
<!DOCTYPE hibernate-configuration PUBLIC
          "-//Hibernate/Hibernate Configuration DTD 3.0//EN"
          "http://hibernate.sourceforge.net/hibernate-configuration-3.0.dtd">
<hibernate-configuration>
	<session-factory>
		<!--配置数据库的驱动程序，Hibernate在连接数据库时，需要用到数据库的驱动程序 -->
		<!--<property name="hibernate.connection.driver_class">com.mysql.jdbc.Driver </property>-->
		<!--设置数据库的连接url:jdbc:mysql://localhost/hibernate,其中localhost表示mysql服务器名称，此处为本机， 
			hibernate是数据库名 -->
	<!--	<property name="hibernate.connection.url">jdbc:mysql://localhost:3306/shiro?useUnicode=true&amp;characterEncoding=UTF-8</property>-->
			<!--连接数据库是用户名 -->
		<!--	<property name="hibernate.connection.username">root </property>-->
			<!--连接数据库是密码 -->
		<!--	<property name="hibernate.connection.password">root </property>-->
			<!--数据库连接池的大小 -->
		<!--	<property name="hibernate.connection.pool.size">20 </property>-->
			<!--是否在后台显示Hibernate用到的SQL语句，开发时设置为true，便于差错，程序运行时可以在Eclipse的控制台显示Hibernate的执行Sql语句。项目部署后可以设置为false，提高运行效率 -->
			<property name="hibernate.show_sql">true </property>
			<!--jdbc.fetch_size是指Hibernate每次从数据库中取出并放到JDBC的Statement中的记录条数。Fetch Size设的越大，读数据库的次数越少，速度越快，Fetch 
				Size越小，读数据库的次数越多，速度越慢 -->
			<property name="jdbc.fetch_size">50 </property>
			<!--jdbc.batch_size是指Hibernate批量插入,删除和更新时每次操作的记录数。Batch Size越大，批量操作的向数据库发送Sql的次数越少，速度就越快，同样耗用内存就越大 -->
			<property name="jdbc.batch_size">23</property>
			<!--jdbc.use_scrollable_resultset是否允许Hibernate用JDBC的可滚动的结果集。对分页的结果集。对分页时的设置非常有帮助 -->
			<property name="jdbc.use_scrollable_resultset">false </property>
			<!--connection.useUnicode连接数据库时是否使用Unicode编码 -->
			<property name="Connection.useUnicode">true</property>
			<!--connection.characterEncoding连接数据库时数据的传输字符集编码方式，最好设置为gbk，用gb2312有的字符不全 -->
			<property name="connection.characterEncoding">utf-8</property>
			<!--hibernate.dialect 只是Hibernate使用的数据库方言,就是要用Hibernate连接那种类型的数据库服务器。 -->
			<property name="hibernate.dialect">org.hibernate.dialect.MySQLDialect </property>
	        <!-- junit 测试放开 -->
	       <!--  <property name="current_session_context_class">thread</property> -->
			<mapping class="com.test.pojo.Permission"></mapping>
			<mapping class="com.test.pojo.Role"></mapping>
			<mapping class="com.test.pojo.User"></mapping>
			<mapping class="com.test.pojo.Cart"></mapping>
			<mapping class="com.test.pojo.Procduct"></mapping>
</session-factory>
        
</hibernate-configuration>

